<level width="720" height="600">
  <border exportMode="Bitstring">111111111111111111111111111111
100000000000000000000000000001
100000000000000000000000000001
100000000000000000000000000001
100000000000000000000000000001
100000000000000000000000000001
100000000000000000000000000001
100000000000000000000000000001
100000000000000000000000000001
100000000000000000000000000001
100000000000000000000000000001
100000000000000000000000000001
100000000000000000000000000001
100000000000000000000000000001
100000000000000000000000000001
100000000000000000000000000001
100000000000000000000000000001
100000000000000000000000000001
100000000000000000000000000001
100000000000000000000000000001
100000000000000000000000000001
100000000000000000000000000001
100000000000000000000000000001
100000000000000000000000000001
100000000000000000000000000001</border>
  <border_render tileset="border_tile" exportMode="CSV">0,0,0,0,0,0,0,0,0,0,0,0,0,0,0,0,0,0,0,0,0,0,0,0,0,0,0,0,0,0,
0,-1,-1,-1,-1,-1,-1,-1,-1,-1,-1,-1,-1,-1,-1,-1,-1,-1,-1,-1,-1,-1,-1,-1,-1,-1,-1,-1,-1,0,
0,-1,-1,-1,-1,-1,-1,-1,-1,-1,-1,-1,-1,-1,-1,-1,-1,-1,-1,-1,-1,-1,-1,-1,-1,-1,-1,-1,-1,0,
0,-1,-1,-1,-1,-1,-1,-1,-1,-1,-1,-1,-1,-1,-1,-1,-1,-1,-1,-1,-1,-1,-1,-1,-1,-1,-1,-1,-1,0,
0,-1,-1,-1,-1,-1,-1,-1,-1,-1,-1,-1,-1,-1,-1,-1,-1,-1,-1,-1,-1,-1,-1,-1,-1,-1,-1,-1,-1,0,
0,-1,-1,-1,-1,-1,-1,-1,-1,-1,-1,-1,-1,-1,-1,-1,-1,-1,-1,-1,-1,-1,-1,-1,-1,-1,-1,-1,-1,0,
0,-1,-1,-1,-1,-1,-1,-1,-1,-1,-1,-1,-1,-1,-1,-1,-1,-1,-1,-1,-1,-1,-1,-1,-1,-1,-1,-1,-1,0,
0,-1,-1,-1,-1,-1,-1,-1,-1,-1,-1,-1,-1,-1,-1,-1,-1,-1,-1,-1,-1,-1,-1,-1,-1,-1,-1,-1,-1,0,
0,-1,-1,-1,-1,-1,-1,-1,-1,-1,-1,-1,-1,-1,-1,-1,-1,-1,-1,-1,-1,-1,-1,-1,-1,-1,-1,-1,-1,0,
0,-1,-1,-1,-1,-1,-1,-1,-1,-1,-1,-1,-1,-1,-1,-1,-1,-1,-1,-1,-1,-1,-1,-1,-1,-1,-1,-1,-1,0,
0,-1,-1,-1,-1,-1,-1,-1,-1,-1,-1,-1,-1,-1,-1,-1,-1,-1,-1,-1,-1,-1,-1,-1,-1,-1,-1,-1,-1,0,
0,-1,-1,-1,-1,-1,-1,-1,-1,-1,-1,-1,-1,-1,-1,-1,-1,-1,-1,-1,-1,-1,-1,-1,-1,-1,-1,-1,-1,0,
0,-1,-1,-1,-1,-1,-1,-1,-1,-1,-1,-1,-1,-1,-1,-1,-1,-1,-1,-1,-1,-1,-1,-1,-1,-1,-1,-1,-1,0,
0,-1,-1,-1,-1,-1,-1,-1,-1,-1,-1,-1,-1,-1,-1,-1,-1,-1,-1,-1,-1,-1,-1,-1,-1,-1,-1,-1,-1,0,
0,-1,-1,-1,-1,-1,-1,-1,-1,-1,-1,-1,-1,-1,-1,-1,-1,-1,-1,-1,-1,-1,-1,-1,-1,-1,-1,-1,-1,0,
0,-1,-1,-1,-1,-1,-1,-1,-1,-1,-1,-1,-1,-1,-1,-1,-1,-1,-1,-1,-1,-1,-1,-1,-1,-1,-1,-1,-1,0,
0,-1,-1,-1,-1,-1,-1,-1,-1,-1,-1,-1,-1,-1,-1,-1,-1,-1,-1,-1,-1,-1,-1,-1,-1,-1,-1,-1,-1,0,
0,-1,-1,-1,-1,-1,-1,-1,-1,-1,-1,-1,-1,-1,-1,-1,-1,-1,-1,-1,-1,-1,-1,-1,-1,-1,-1,-1,-1,0,
0,-1,-1,-1,-1,-1,-1,-1,-1,-1,-1,-1,-1,-1,-1,-1,-1,-1,-1,-1,-1,-1,-1,-1,-1,-1,-1,-1,-1,0,
0,-1,-1,-1,-1,-1,-1,-1,-1,-1,-1,-1,-1,-1,-1,-1,-1,-1,-1,-1,-1,-1,-1,-1,-1,-1,-1,-1,-1,0,
0,-1,-1,-1,-1,-1,-1,-1,-1,-1,-1,-1,-1,-1,-1,-1,-1,-1,-1,-1,-1,-1,-1,-1,-1,-1,-1,-1,-1,0,
0,-1,-1,-1,-1,-1,-1,-1,-1,-1,-1,-1,-1,-1,-1,-1,-1,-1,-1,-1,-1,-1,-1,-1,-1,-1,-1,-1,-1,0,
0,-1,-1,-1,-1,-1,-1,-1,-1,-1,-1,-1,-1,-1,-1,-1,-1,-1,-1,-1,-1,-1,-1,-1,-1,-1,-1,-1,-1,0,
0,-1,-1,-1,-1,-1,-1,-1,-1,-1,-1,-1,-1,-1,-1,-1,-1,-1,-1,-1,-1,-1,-1,-1,-1,-1,-1,-1,-1,0,
0,-1,-1,-1,-1,-1,-1,-1,-1,-1,-1,-1,-1,-1,-1,-1,-1,-1,-1,-1,-1,-1,-1,-1,-1,-1,-1,-1,-1,0</border_render>
  <bricks>
    <brick id="0" x="24" y="264" colour="1" />
    <brick id="1" x="72" y="264" colour="1" />
    <brick id="2" x="120" y="264" colour="1" />
    <brick id="3" x="168" y="264" colour="1" />
    <brick id="4" x="216" y="264" colour="1" />
    <brick id="5" x="264" y="264" colour="1" />
    <brick id="6" x="312" y="264" colour="1" />
    <brick id="7" x="360" y="264" colour="1" />
    <brick id="8" x="408" y="264" colour="1" />
    <brick id="9" x="456" y="264" colour="1" />
    <brick id="10" x="504" y="264" colour="1" />
    <brick id="11" x="552" y="264" colour="1" />
    <brick id="12" x="600" y="264" colour="1" />
    <brick id="13" x="648" y="264" colour="1" />
    <brick id="14" x="648" y="240" colour="1" />
    <brick id="15" x="600" y="240" colour="1" />
    <brick id="16" x="552" y="240" colour="1" />
    <brick id="17" x="504" y="240" colour="1" />
    <brick id="18" x="456" y="240" colour="1" />
    <brick id="19" x="408" y="240" colour="1" />
    <brick id="20" x="360" y="240" colour="1" />
    <brick id="21" x="312" y="240" colour="1" />
    <brick id="22" x="264" y="240" colour="1" />
    <brick id="23" x="216" y="240" colour="1" />
    <brick id="24" x="168" y="240" colour="1" />
    <brick id="25" x="120" y="240" colour="1" />
    <brick id="26" x="72" y="240" colour="1" />
    <brick id="27" x="24" y="240" colour="1" />
    <brick id="28" x="648" y="216" colour="2" />
    <brick id="29" x="600" y="216" colour="2" />
    <brick id="30" x="552" y="216" colour="2" />
    <brick id="31" x="504" y="216" colour="2" />
    <brick id="32" x="456" y="216" colour="2" />
    <brick id="33" x="408" y="216" colour="2" />
    <brick id="34" x="360" y="216" colour="2" />
    <brick id="35" x="312" y="216" colour="2" />
    <brick id="36" x="264" y="216" colour="2" />
    <brick id="37" x="216" y="216" colour="2" />
    <brick id="38" x="168" y="216" colour="2" />
    <brick id="39" x="120" y="216" colour="2" />
    <brick id="40" x="72" y="216" colour="2" />
    <brick id="41" x="24" y="216" colour="2" />
    <brick id="42" x="648" y="192" colour="2" />
    <brick id="43" x="600" y="192" colour="2" />
    <brick id="44" x="552" y="192" colour="2" />
    <brick id="45" x="504" y="192" colour="2" />
    <brick id="46" x="456" y="192" colour="2" />
    <brick id="47" x="408" y="192" colour="2" />
    <brick id="48" x="360" y="192" colour="2" />
    <brick id="49" x="312" y="192" colour="2" />
    <brick id="50" x="264" y="192" colour="2" />
    <brick id="51" x="216" y="192" colour="2" />
    <brick id="52" x="168" y="192" colour="2" />
    <brick id="53" x="120" y="192" colour="2" />
    <brick id="54" x="72" y="192" colour="2" />
    <brick id="55" x="24" y="192" colour="2" />
    <brick id="56" x="648" y="168" colour="3" />
    <brick id="57" x="600" y="168" colour="3" />
    <brick id="58" x="552" y="168" colour="3" />
    <brick id="59" x="504" y="168" colour="3" />
    <brick id="60" x="456" y="168" colour="3" />
    <brick id="61" x="408" y="168" colour="3" />
    <brick id="62" x="360" y="168" colour="3" />
    <brick id="63" x="312" y="168" colour="3" />
    <brick id="64" x="264" y="168" colour="3" />
    <brick id="65" x="216" y="168" colour="3" />
    <brick id="66" x="168" y="168" colour="3" />
    <brick id="67" x="120" y="168" colour="3" />
    <brick id="68" x="72" y="168" colour="3" />
    <brick id="69" x="24" y="168" colour="3" />
    <brick id="70" x="648" y="144" colour="3" />
    <brick id="71" x="600" y="144" colour="3" />
    <brick id="72" x="552" y="144" colour="3" />
    <brick id="73" x="504" y="144" colour="3" />
    <brick id="74" x="456" y="144" colour="3" />
    <brick id="75" x="408" y="144" colour="3" />
    <brick id="76" x="360" y="144" colour="3" />
    <brick id="77" x="312" y="144" colour="3" />
    <brick id="78" x="264" y="144" colour="3" />
    <brick id="79" x="216" y="144" colour="3" />
    <brick id="80" x="168" y="144" colour="3" />
    <brick id="81" x="120" y="144" colour="3" />
    <brick id="82" x="72" y="144" colour="3" />
    <brick id="83" x="24" y="144" colour="3" />
    <brick id="84" x="648" y="120" colour="4" />
    <brick id="85" x="600" y="120" colour="4" />
    <brick id="86" x="552" y="120" colour="4" />
    <brick id="87" x="504" y="120" colour="4" />
    <brick id="88" x="456" y="120" colour="4" />
    <brick id="89" x="408" y="120" colour="4" />
    <brick id="90" x="360" y="120" colour="4" />
    <brick id="91" x="312" y="120" colour="4" />
    <brick id="92" x="264" y="120" colour="4" />
    <brick id="93" x="216" y="120" colour="4" />
    <brick id="94" x="168" y="120" colour="4" />
    <brick id="95" x="120" y="120" colour="4" />
    <brick id="96" x="72" y="120" colour="4" />
    <brick id="97" x="24" y="120" colour="4" />
    <brick id="98" x="648" y="96" colour="4" />
    <brick id="99" x="600" y="96" colour="4" />
    <brick id="100" x="552" y="96" colour="4" />
    <brick id="101" x="504" y="96" colour="4" />
    <brick id="102" x="456" y="96" colour="4" />
    <brick id="103" x="408" y="96" colour="4" />
    <brick id="104" x="360" y="96" colour="4" />
    <brick id="105" x="312" y="96" colour="4" />
    <brick id="106" x="264" y="96" colour="4" />
    <brick id="107" x="216" y="96" colour="4" />
    <brick id="108" x="168" y="96" colour="4" />
    <brick id="109" x="120" y="96" colour="4" />
    <brick id="110" x="72" y="96" colour="4" />
    <brick id="111" x="24" y="96" colour="4" />
  </bricks>
</level>